{
  "hash": "4de59e77",
  "configHash": "23facf5f",
  "lockfileHash": "42306c4a",
  "browserHash": "73464fc8",
  "optimized": {
    "@angular/core": {
      "src": "../../../../../../node_modules/@angular/core/fesm2022/core.mjs",
      "file": "@angular_core.js",
      "fileHash": "19510095",
      "needsInterop": false
    },
    "@angular/platform-browser": {
      "src": "../../../../../../node_modules/@angular/platform-browser/fesm2022/platform-browser.mjs",
      "file": "@angular_platform-browser.js",
      "fileHash": "f2a32276",
      "needsInterop": false
    },
    "@angular/router": {
      "src": "../../../../../../node_modules/@angular/router/fesm2022/router.mjs",
      "file": "@angular_router.js",
      "fileHash": "7c507237",
      "needsInterop": false
    }
  },
  "chunks": {
    "chunk-CVIMRY3Y": {
      "file": "chunk-CVIMRY3Y.js"
    },
    "chunk-NRIQAXQZ": {
      "file": "chunk-NRIQAXQZ.js"
    }
  }
}